id,center_id,pass_id,member_id,trainer_member_id,starts_at,ends_at,status,consumed,cancelled_reason,cancelled_by_uid,cancelled_at,attended_at,created_by_uid,created_at,updated_at,source,requested_at,approved_at,approved_by_uid,rejected_reason,booking_reason,attendance_reminded_at,reschedule_history
518,1,96,288,1,2026-09-06 02:00:00+00,2026-09-06 02:30:00+00,booked,f,,,,,zGjEn3Bwq6TxhAiR6lkay9QeFYS2,2026-08-21 03:40:56.930315+00,2026-08-21 03:40:56.930315+00,staff,,,,,,,[]
646,1,103,288,1,2026-08-29 02:00:00+00,2026-08-29 02:30:00+00,booked,f,,,,,zGjEn3Bwq6TxhAiR6lkay9QeFYS2,2026-08-21 04:15:28.061774+00,2026-08-21 04:20:13.658769+00,staff,,,,,,,[]
647,1,103,288,1,2026-08-22 02:00:00+00,2026-08-22 02:30:00+00,attended,t,,,,2026-08-22 04:04:08.283+00,zGjEn3Bwq6TxhAiR6lkay9QeFYS2,2026-08-21 04:15:28.061774+00,2026-08-22 04:04:08.280231+00,staff,,,,,,,[]
648,1,103,288,1,2026-08-17 00:00:00+00,2026-08-17 00:30:00+00,attended,t,,,,2026-08-17 00:00:00+00,zGjEn3Bwq6TxhAiR6lkay9QeFYS2,2026-08-21 04:15:28.061774+00,2026-08-21 04:20:13.658769+00,staff,,,,,,,[]
649,1,103,288,1,2026-08-09 02:00:00+00,2026-08-09 02:30:00+00,attended,t,,,,2026-08-09 02:00:00+00,zGjEn3Bwq6TxhAiR6lkay9QeFYS2,2026-08-21 04:15:28.061774+00,2026-08-21 04:20:13.658769+00,staff,,,,,,,[]
650,1,103,288,1,2026-07-25 02:00:00+00,2026-07-25 02:30:00+00,attended,t,,,,2026-07-25 02:00:00+00,zGjEn3Bwq6TxhAiR6lkay9QeFYS2,2026-08-21 04:15:28.061774+00,2026-08-21 04:20:13.658769+00,staff,,,,,,,[]
651,1,103,288,1,2026-07-18 02:00:00+00,2026-07-18 02:30:00+00,attended,t,,,,2026-07-18 02:00:00+00,zGjEn3Bwq6TxhAiR6lkay9QeFYS2,2026-08-21 04:15:28.061774+00,2026-08-21 04:20:13.658769+00,staff,,,,,,,[]
652,1,103,288,1,2026-07-11 05:00:00+00,2026-07-11 05:30:00+00,attended,t,,,,2026-07-11 05:00:00+00,zGjEn3Bwq6TxhAiR6lkay9QeFYS2,2026-08-21 04:15:28.061774+00,2026-08-21 04:20:13.658769+00,staff,,,,,,,[]
653,1,103,288,1,2026-07-04 02:00:00+00,2026-07-04 02:30:00+00,attended,t,,,,2026-07-04 02:00:00+00,zGjEn3Bwq6TxhAiR6lkay9QeFYS2,2026-08-21 04:15:28.061774+00,2026-08-21 04:20:13.658769+00,staff,,,,,,,[]
654,1,103,288,1,2026-06-27 02:00:00+00,2026-06-27 02:30:00+00,attended,t,,,,2026-06-27 02:00:00+00,zGjEn3Bwq6TxhAiR6lkay9QeFYS2,2026-08-21 04:15:28.061774+00,2026-08-21 04:20:13.658769+00,staff,,,,,,,[]
655,1,103,288,1,2026-06-20 02:00:00+00,2026-06-20 02:30:00+00,attended,t,,,,2026-06-20 02:00:00+00,zGjEn3Bwq6TxhAiR6lkay9QeFYS2,2026-08-21 04:15:28.061774+00,2026-08-21 04:20:13.658769+00,staff,,,,,,,[]
1359,1,103,288,1,2026-06-13 02:00:00+00,2026-06-13 02:50:00+00,attended,t,,,,2026-06-13 02:00:00+00,zGjEn3Bwq6TxhAiR6lkay9QeFYS2,2026-08-24 12:07:17.914898+00,2026-08-24 14:04:57.912122+00,staff,,,,,,,[]
1360,1,103,288,1,2026-06-06 02:00:00+00,2026-06-06 02:50:00+00,attended,t,,,,2026-06-06 02:00:00+00,zGjEn3Bwq6TxhAiR6lkay9QeFYS2,2026-08-24 12:07:17.976103+00,2026-08-24 14:04:57.912122+00,staff,,,,,,,[]
1361,1,103,288,1,2026-05-30 02:00:00+00,2026-05-30 02:50:00+00,attended,t,,,,2026-05-30 02:00:00+00,zGjEn3Bwq6TxhAiR6lkay9QeFYS2,2026-08-24 12:07:18.041792+00,2026-08-24 14:04:57.912122+00,staff,,,,,,,[]
1362,1,103,288,1,2026-05-23 02:00:00+00,2026-05-23 02:50:00+00,attended,t,,,,2026-05-23 02:00:00+00,zGjEn3Bwq6TxhAiR6lkay9QeFYS2,2026-08-24 12:07:18.10891+00,2026-08-24 14:04:57.912122+00,staff,,,,,,,[]
1363,1,103,288,1,2026-05-16 02:00:00+00,2026-05-16 02:50:00+00,attended,t,,,,2026-05-16 02:00:00+00,zGjEn3Bwq6TxhAiR6lkay9QeFYS2,2026-08-24 12:07:18.17136+00,2026-08-24 14:04:57.912122+00,staff,,,,,,,[]
1364,1,103,288,1,2026-05-09 02:00:00+00,2026-05-09 02:50:00+00,attended,t,,,,2026-05-09 02:00:00+00,zGjEn3Bwq6TxhAiR6lkay9QeFYS2,2026-08-24 12:07:18.246615+00,2026-08-24 14:04:57.912122+00,staff,,,,,,,[]
1365,1,103,288,1,2026-05-02 08:00:00+00,2026-05-02 08:30:00+00,attended,t,,,,2026-05-02 08:00:00+00,zGjEn3Bwq6TxhAiR6lkay9QeFYS2,2026-08-24 12:07:18.325408+00,2026-08-24 14:04:57.912122+00,staff,,,,,,,[]
1366,1,103,288,1,2026-04-22 08:00:00+00,2026-04-22 08:30:00+00,attended,t,,,,2026-04-22 08:00:00+00,zGjEn3Bwq6TxhAiR6lkay9QeFYS2,2026-08-24 12:07:18.474269+00,2026-08-24 14:04:57.912122+00,staff,,,,,,,[]
1367,1,103,288,1,2026-04-18 02:00:00+00,2026-04-18 02:30:00+00,attended,t,,,,2026-04-18 02:00:00+00,zGjEn3Bwq6TxhAiR6lkay9QeFYS2,2026-08-24 12:07:18.535881+00,2026-08-24 14:04:57.912122+00,staff,,,,,,,[]
1368,1,103,288,1,2026-04-09 08:00:00+00,2026-04-09 08:50:00+00,attended,t,,,,2026-04-09 08:00:00+00,zGjEn3Bwq6TxhAiR6lkay9QeFYS2,2026-08-24 12:07:18.601524+00,2026-08-24 14:04:57.912122+00,staff,,,,,,,[]
